run,gen,nevals,swarmId,partId,part,partError,sbest,sbestError,best,bestError,env
1,1,100,,,,,,,"[18.26784034331881, 19.39626553676231, 19.395930089929397]",65.50717128566637,1
1,2,210,,,,,,,"[18.26784034331881, 19.39626553676231, 19.395930089929397]",65.50717128566637,1
1,3,320,,,,,,,"[20.762328974504527, 21.57011942938227, 11.817949282331668]",65.49018801868237,1
1,4,430,,,,,,,"[25.762328974504527, 26.57011942938227, 16.817949282331668]",65.41686334912399,1
1,5,540,,,,,,,"[17.056682919726196, 33.215288365586666, 20.239595163784546]",65.31904822454946,1
1,6,650,,,,,,,"[22.056682919726196, 38.215288365586666, 25.239595163784546]",65.16480256164488,1
1,7,760,,,,,,,"[27.69916314123618, 42.67664625468687, 25.143887733220048]",64.9544961400392,1
1,8,870,,,,,,,"[23.88073599805551, 48.24443053997618, 17.878737481592438]",64.53964373978579,1
1,9,980,,,,,,,"[28.88073599805551, 53.24443053997618, 22.878737481592438]",63.762146500859245,1
1,10,1090,,,,,,,"[23.88073599805551, 58.24443053997618, 27.878737481592438]",62.96316491276915,1
1,11,1200,,,,,,,"[25.707718782287344, 60.568852300002916, 28.93198831867916]",62.28269454801536,1
1,12,1310,,,,,,,"[29.986616953603257, 61.68921741556883, 28.026730417387213]",61.590657864409295,1
1,13,1420,,,,,,,"[31.986752212345767, 66.68921741556883, 25.68937949316099]",57.10001206803756,1
1,14,1530,,,,,,,"[30.707556410404905, 69.85282250061746, 16.670719789379216]",48.5673659999779,1
1,15,1640,,,,,,,"[28.796797489113267, 70.76006436589479, 22.171129987463424]",21.132531110496117,1
1,16,1750,,,,,,,"[28.796797489113267, 70.76006436589479, 22.171129987463424]",21.132531110496117,1
1,17,1860,,,,,,,"[28.796797489113267, 70.76006436589479, 22.171129987463424]",21.132531110496117,1
1,18,1970,,,,,,,"[27.24877468298419, 70.35729041655591, 20.463695691744036]",2.4106792113417654,1
1,19,2080,,,,,,,"[27.24877468298419, 70.35729041655591, 20.463695691744036]",2.4106792113417654,1
1,20,2190,,,,,,,"[27.24877468298419, 70.35729041655591, 20.463695691744036]",2.4106792113417654,1
1,21,2300,,,,,,,"[27.24877468298419, 70.35729041655591, 20.463695691744036]",2.4106792113417654,1
1,22,2410,,,,,,,"[27.24877468298419, 70.35729041655591, 20.463695691744036]",2.4106792113417654,1
1,23,2520,,,,,,,"[27.24877468298419, 70.35729041655591, 20.463695691744036]",2.4106792113417654,1
1,24,2630,,,,,,,"[27.24877468298419, 70.35729041655591, 20.463695691744036]",2.4106792113417654,1
1,25,2740,,,,,,,"[27.24877468298419, 70.35729041655591, 20.463695691744036]",2.4106792113417654,1
1,26,2850,,,,,,,"[27.24877468298419, 70.35729041655591, 20.463695691744036]",2.4106792113417654,1
1,27,2960,,,,,,,"[27.24877468298419, 70.35729041655591, 20.463695691744036]",2.4106792113417654,1
1,28,3130,,,,,,,"[26.495374989650877, 69.85330248677194, 21.21243798160575]",15.339344092431759,1
1,29,3280,,,,,,,"[26.477001752526444, 71.94136221682403, 19.803603663998015]",4.754927694773073,2
1,30,3390,,,,,,,"[26.477001752526444, 71.94136221682403, 19.803603663998015]",4.754927694773073,2
1,31,3500,,,,,,,"[26.477001752526444, 71.94136221682403, 19.803603663998015]",4.754927694773073,2
1,32,3610,,,,,,,"[26.477001752526444, 71.94136221682403, 19.803603663998015]",4.754927694773073,2
1,33,3720,,,,,,,"[26.477001752526444, 71.94136221682403, 19.803603663998015]",4.754927694773073,2
1,34,3830,,,,,,,"[27.551301578668284, 71.5200042753945, 19.91241696820538]",3.8049021411635806,2
1,35,3940,,,,,,,"[27.551301578668284, 71.5200042753945, 19.91241696820538]",3.8049021411635806,2
1,36,4050,,,,,,,"[27.551301578668284, 71.5200042753945, 19.91241696820538]",3.8049021411635806,2
1,37,4160,,,,,,,"[26.74488109221594, 70.58457017059865, 20.18442466159148]",2.3912996357501015,2
1,38,4270,,,,,,,"[26.74488109221594, 70.58457017059865, 20.18442466159148]",2.3912996357501015,2
1,39,4380,,,,,,,"[26.74488109221594, 70.58457017059865, 20.18442466159148]",2.3912996357501015,2
1,40,4490,,,,,,,"[26.74488109221594, 70.58457017059865, 20.18442466159148]",2.3912996357501015,2
1,41,4600,,,,,,,"[26.74488109221594, 70.58457017059865, 20.18442466159148]",2.3912996357501015,2
1,42,4710,,,,,,,"[26.95531783867751, 71.55488109380713, 19.989023329233074]",1.8090035532554154,2
1,43,4820,,,,,,,"[26.95531783867751, 71.55488109380713, 19.989023329233074]",1.8090035532554154,2
1,44,4930,,,,,,,"[26.95531783867751, 71.55488109380713, 19.989023329233074]",1.8090035532554154,2
1,45,5040,,,,,,,"[26.95531783867751, 71.55488109380713, 19.989023329233074]",1.8090035532554154,2
1,46,5150,,,,,,,"[26.95531783867751, 71.55488109380713, 19.989023329233074]",1.8090035532554154,2
1,47,5260,,,,,,,"[26.95531783867751, 71.55488109380713, 19.989023329233074]",1.8090035532554154,2
1,48,5370,,,,,,,"[26.77623629507692, 70.7702311308953, 20.07248653339648]",1.1625902177495675,2
1,49,5480,,,,,,,"[26.77623629507692, 70.7702311308953, 20.07248653339648]",1.1625902177495675,2
1,50,5590,,,,,,,"[26.77623629507692, 70.7702311308953, 20.07248653339648]",1.1625902177495675,2
1,51,5700,,,,,,,"[26.77623629507692, 70.7702311308953, 20.07248653339648]",1.1625902177495675,2
1,52,5810,,,,,,,"[26.77623629507692, 70.7702311308953, 20.07248653339648]",1.1625902177495675,2
1,53,5920,,,,,,,"[26.77623629507692, 70.7702311308953, 20.07248653339648]",1.1625902177495675,2
1,54,6050,,,,,,,"[24.191725157738247, 71.08967496826942, 18.43900424652895]",22.464903092412754,2
1,55,6240,,,,,,,"[27.735485427171113, 72.56291688200871, 20.738947277053]",23.898753600281943,3
1,56,6350,,,,,,,"[26.38507539490395, 71.03148990552255, 19.37953553025877]",2.9909243795524105,3
1,57,6460,,,,,,,"[26.390541655731248, 71.36198116532894, 19.69823764560891]",1.4690700450260579,3
1,58,6570,,,,,,,"[26.390541655731248, 71.36198116532894, 19.69823764560891]",1.4690700450260579,3
1,59,6680,,,,,,,"[26.390541655731248, 71.36198116532894, 19.69823764560891]",1.4690700450260579,3
1,60,6790,,,,,,,"[26.390541655731248, 71.36198116532894, 19.69823764560891]",1.4690700450260579,3
1,61,6900,,,,,,,"[26.390541655731248, 71.36198116532894, 19.69823764560891]",1.4690700450260579,3
1,62,7010,,,,,,,"[26.390541655731248, 71.36198116532894, 19.69823764560891]",1.4690700450260579,3
1,63,7120,,,,,,,"[26.19869910090228, 71.71070547318696, 19.318798173708498]",0.4254156076976159,3
1,64,7230,,,,,,,"[26.19869910090228, 71.71070547318696, 19.318798173708498]",0.4254156076976159,3
1,65,7340,,,,,,,"[26.19869910090228, 71.71070547318696, 19.318798173708498]",0.4254156076976159,3
1,66,7450,,,,,,,"[26.19869910090228, 71.71070547318696, 19.318798173708498]",0.4254156076976159,3
1,67,7560,,,,,,,"[26.19869910090228, 71.71070547318696, 19.318798173708498]",0.4254156076976159,3
1,68,7670,,,,,,,"[26.19869910090228, 71.71070547318696, 19.318798173708498]",0.4254156076976159,3
1,69,7780,,,,,,,"[26.19869910090228, 71.71070547318696, 19.318798173708498]",0.4254156076976159,3
1,70,7890,,,,,,,"[26.19869910090228, 71.71070547318696, 19.318798173708498]",0.4254156076976159,3
1,71,8000,,,,,,,"[26.19869910090228, 71.71070547318696, 19.318798173708498]",0.4254156076976159,3
1,72,8110,,,,,,,"[26.176184136623135, 71.41348321166518, 19.531692158928323]",0.3680563268857071,3
1,73,8220,,,,,,,"[26.176184136623135, 71.41348321166518, 19.531692158928323]",0.3680563268857071,3
1,74,8330,,,,,,,"[26.176184136623135, 71.41348321166518, 19.531692158928323]",0.3680563268857071,3
1,75,8440,,,,,,,"[26.176184136623135, 71.41348321166518, 19.531692158928323]",0.3680563268857071,3
1,76,8550,,,,,,,"[26.176184136623135, 71.41348321166518, 19.531692158928323]",0.3680563268857071,3
1,77,8660,,,,,,,"[26.176184136623135, 71.41348321166518, 19.531692158928323]",0.3680563268857071,3
1,78,8770,,,,,,,"[26.176184136623135, 71.41348321166518, 19.531692158928323]",0.3680563268857071,3
1,79,8880,,,,,,,"[26.176184136623135, 71.41348321166518, 19.531692158928323]",0.3680563268857071,3
1,80,8990,,,,,,,"[26.176184136623135, 71.41348321166518, 19.531692158928323]",0.3680563268857071,3
1,81,9100,,,,,,,"[26.176184136623135, 71.41348321166518, 19.531692158928323]",0.3680563268857071,3
1,82,9210,,,,,,,"[26.176184136623135, 71.41348321166518, 19.531692158928323]",0.3680563268857071,3
1,83,9320,,,,,,,"[26.176184136623135, 71.41348321166518, 19.531692158928323]",0.3680563268857071,3
1,84,9430,,,,,,,"[26.176184136623135, 71.41348321166518, 19.531692158928323]",0.3680563268857071,3
1,85,9540,,,,,,,"[26.176184136623135, 71.41348321166518, 19.531692158928323]",0.3680563268857071,3
1,86,9650,,,,,,,"[26.176184136623135, 71.41348321166518, 19.531692158928323]",0.3680563268857071,3
1,87,9760,,,,,,,"[26.176184136623135, 71.41348321166518, 19.531692158928323]",0.3680563268857071,3
1,88,9870,,,,,,,"[26.176184136623135, 71.41348321166518, 19.531692158928323]",0.3680563268857071,3
1,89,9980,,,,,,,"[26.176184136623135, 71.41348321166518, 19.531692158928323]",0.3680563268857071,3
1,90,10090,,,,,,,"[26.176184136623135, 71.41348321166518, 19.531692158928323]",0.3680563268857071,3
1,91,10200,,,,,,,"[26.176184136623135, 71.41348321166518, 19.531692158928323]",0.3680563268857071,3
1,92,10310,,,,,,,"[26.176184136623135, 71.41348321166518, 19.531692158928323]",0.3680563268857071,3
1,93,10420,,,,,,,"[26.176184136623135, 71.41348321166518, 19.531692158928323]",0.3680563268857071,3
1,94,10530,,,,,,,"[26.176184136623135, 71.41348321166518, 19.531692158928323]",0.3680563268857071,3
1,95,10640,,,,,,,"[26.176184136623135, 71.41348321166518, 19.531692158928323]",0.3680563268857071,3
1,96,10750,,,,,,,"[26.176184136623135, 71.41348321166518, 19.531692158928323]",0.3680563268857071,3
1,97,10860,,,,,,,"[26.176184136623135, 71.41348321166518, 19.531692158928323]",0.3680563268857071,3
1,98,10970,,,,,,,"[26.176184136623135, 71.41348321166518, 19.531692158928323]",0.3680563268857071,3
1,99,11080,,,,,,,"[26.176184136623135, 71.41348321166518, 19.531692158928323]",0.3680563268857071,3
1,100,11190,,,,,,,"[26.176184136623135, 71.41348321166518, 19.531692158928323]",0.3680563268857071,3
1,101,11300,,,,,,,"[26.176184136623135, 71.41348321166518, 19.531692158928323]",0.3680563268857071,3
1,102,11410,,,,,,,"[26.176184136623135, 71.41348321166518, 19.531692158928323]",0.3680563268857071,3
1,103,11520,,,,,,,"[26.176184136623135, 71.41348321166518, 19.531692158928323]",0.3680563268857071,3
1,104,11630,,,,,,,"[26.176184136623135, 71.41348321166518, 19.531692158928323]",0.3680563268857071,3
1,105,11740,,,,,,,"[26.176184136623135, 71.41348321166518, 19.531692158928323]",0.3680563268857071,3
1,106,11850,,,,,,,"[26.176184136623135, 71.41348321166518, 19.531692158928323]",0.3680563268857071,3
1,107,11960,,,,,,,"[26.176184136623135, 71.41348321166518, 19.531692158928323]",0.3680563268857071,3
1,108,12070,,,,,,,"[26.176184136623135, 71.41348321166518, 19.531692158928323]",0.3680563268857071,3
1,109,12180,,,,,,,"[26.176184136623135, 71.41348321166518, 19.531692158928323]",0.3680563268857071,3
1,110,12290,,,,,,,"[26.176184136623135, 71.41348321166518, 19.531692158928323]",0.3680563268857071,3
1,111,12400,,,,,,,"[26.176184136623135, 71.41348321166518, 19.531692158928323]",0.3680563268857071,3
1,112,12510,,,,,,,"[26.176184136623135, 71.41348321166518, 19.531692158928323]",0.3680563268857071,3
1,113,12620,,,,,,,"[26.176184136623135, 71.41348321166518, 19.531692158928323]",0.3680563268857071,3
1,114,12730,,,,,,,"[26.176184136623135, 71.41348321166518, 19.531692158928323]",0.3680563268857071,3
1,115,12840,,,,,,,"[26.176184136623135, 71.41348321166518, 19.531692158928323]",0.3680563268857071,3
1,116,12950,,,,,,,"[26.176184136623135, 71.41348321166518, 19.531692158928323]",0.3680563268857071,3
1,117,13060,,,,,,,"[26.176184136623135, 71.41348321166518, 19.531692158928323]",0.3680563268857071,3
1,118,13170,,,,,,,"[26.176184136623135, 71.41348321166518, 19.531692158928323]",0.3680563268857071,3
1,119,13280,,,,,,,"[26.176184136623135, 71.41348321166518, 19.531692158928323]",0.3680563268857071,3
1,120,13390,,,,,,,"[26.176184136623135, 71.41348321166518, 19.531692158928323]",0.3680563268857071,3
1,121,13500,,,,,,,"[26.176184136623135, 71.41348321166518, 19.531692158928323]",0.3680563268857071,3
1,122,13610,,,,,,,"[26.176184136623135, 71.41348321166518, 19.531692158928323]",0.3680563268857071,3
1,123,13720,,,,,,,"[26.176184136623135, 71.41348321166518, 19.531692158928323]",0.3680563268857071,3
1,124,13830,,,,,,,"[26.176184136623135, 71.41348321166518, 19.531692158928323]",0.3680563268857071,3
1,125,13940,,,,,,,"[26.176184136623135, 71.41348321166518, 19.531692158928323]",0.3680563268857071,3
1,126,14050,,,,,,,"[26.176184136623135, 71.41348321166518, 19.531692158928323]",0.3680563268857071,3
1,127,14160,,,,,,,"[26.176184136623135, 71.41348321166518, 19.531692158928323]",0.3680563268857071,3
1,128,14270,,,,,,,"[26.176184136623135, 71.41348321166518, 19.531692158928323]",0.3680563268857071,3
1,129,14380,,,,,,,"[26.176184136623135, 71.41348321166518, 19.531692158928323]",0.3680563268857071,3
1,130,14490,,,,,,,"[26.176184136623135, 71.41348321166518, 19.531692158928323]",0.3680563268857071,3
1,131,14600,,,,,,,"[26.176184136623135, 71.41348321166518, 19.531692158928323]",0.3680563268857071,3
1,132,14710,,,,,,,"[26.176184136623135, 71.41348321166518, 19.531692158928323]",0.3680563268857071,3
1,133,14820,,,,,,,"[26.176184136623135, 71.41348321166518, 19.531692158928323]",0.3680563268857071,3
1,134,14930,,,,,,,"[26.176184136623135, 71.41348321166518, 19.531692158928323]",0.3680563268857071,3
1,135,15040,,,,,,,"[26.176184136623135, 71.41348321166518, 19.531692158928323]",0.3680563268857071,3
1,136,15150,,,,,,,"[26.176184136623135, 71.41348321166518, 19.531692158928323]",0.3680563268857071,3
1,137,15260,,,,,,,"[26.176184136623135, 71.41348321166518, 19.531692158928323]",0.3680563268857071,3
1,138,15370,,,,,,,"[26.176184136623135, 71.41348321166518, 19.531692158928323]",0.3680563268857071,3
1,139,15480,,,,,,,"[26.176184136623135, 71.41348321166518, 19.531692158928323]",0.3680563268857071,3
1,140,15590,,,,,,,"[26.176184136623135, 71.41348321166518, 19.531692158928323]",0.3680563268857071,3
1,141,15700,,,,,,,"[26.176184136623135, 71.41348321166518, 19.531692158928323]",0.3680563268857071,3
1,142,15810,,,,,,,"[26.176184136623135, 71.41348321166518, 19.531692158928323]",0.3680563268857071,3
1,143,15920,,,,,,,"[26.176184136623135, 71.41348321166518, 19.531692158928323]",0.3680563268857071,3
1,144,16030,,,,,,,"[26.176184136623135, 71.41348321166518, 19.531692158928323]",0.3680563268857071,3
1,145,16140,,,,,,,"[26.176184136623135, 71.41348321166518, 19.531692158928323]",0.3680563268857071,3
1,146,16250,,,,,,,"[26.176184136623135, 71.41348321166518, 19.531692158928323]",0.3680563268857071,3
1,147,16360,,,,,,,"[26.176184136623135, 71.41348321166518, 19.531692158928323]",0.3680563268857071,3
1,148,16470,,,,,,,"[26.176184136623135, 71.41348321166518, 19.531692158928323]",0.3680563268857071,3
1,149,16580,,,,,,,"[26.176184136623135, 71.41348321166518, 19.531692158928323]",0.3680563268857071,3
1,150,16690,,,,,,,"[26.176184136623135, 71.41348321166518, 19.531692158928323]",0.3680563268857071,3
1,151,16800,,,,,,,"[26.176184136623135, 71.41348321166518, 19.531692158928323]",0.3680563268857071,3
1,152,16910,,,,,,,"[26.176184136623135, 71.41348321166518, 19.531692158928323]",0.3680563268857071,3
1,153,17020,,,,,,,"[26.176184136623135, 71.41348321166518, 19.531692158928323]",0.3680563268857071,3
1,154,17130,,,,,,,"[26.176184136623135, 71.41348321166518, 19.531692158928323]",0.3680563268857071,3
1,155,17240,,,,,,,"[26.176184136623135, 71.41348321166518, 19.531692158928323]",0.3680563268857071,3
1,156,17350,,,,,,,"[26.176184136623135, 71.41348321166518, 19.531692158928323]",0.3680563268857071,3
1,157,17460,,,,,,,"[26.176184136623135, 71.41348321166518, 19.531692158928323]",0.3680563268857071,3
1,158,17570,,,,,,,"[26.176184136623135, 71.41348321166518, 19.531692158928323]",0.3680563268857071,3
1,159,17680,,,,,,,"[26.176184136623135, 71.41348321166518, 19.531692158928323]",0.3680563268857071,3
1,160,17790,,,,,,,"[26.176184136623135, 71.41348321166518, 19.531692158928323]",0.3680563268857071,3
1,161,17900,,,,,,,"[26.176184136623135, 71.41348321166518, 19.531692158928323]",0.3680563268857071,3
1,162,18010,,,,,,,"[26.176184136623135, 71.41348321166518, 19.531692158928323]",0.3680563268857071,3
1,163,18120,,,,,,,"[26.176184136623135, 71.41348321166518, 19.531692158928323]",0.3680563268857071,3
1,164,18230,,,,,,,"[26.176184136623135, 71.41348321166518, 19.531692158928323]",0.3680563268857071,3
1,165,18340,,,,,,,"[26.176184136623135, 71.41348321166518, 19.531692158928323]",0.3680563268857071,3
1,166,18450,,,,,,,"[26.176184136623135, 71.41348321166518, 19.531692158928323]",0.3680563268857071,3
1,167,18560,,,,,,,"[26.176184136623135, 71.41348321166518, 19.531692158928323]",0.3680563268857071,3
1,168,18670,,,,,,,"[26.176184136623135, 71.41348321166518, 19.531692158928323]",0.3680563268857071,3
1,169,18780,,,,,,,"[26.176184136623135, 71.41348321166518, 19.531692158928323]",0.3680563268857071,3
1,170,18890,,,,,,,"[25.99155032621993, 71.64087513223926, 19.64112424805717]",0.19558832918136204,3
1,171,19000,,,,,,,"[25.99155032621993, 71.64087513223926, 19.64112424805717]",0.19558832918136204,3
1,172,19110,,,,,,,"[25.99155032621993, 71.64087513223926, 19.64112424805717]",0.19558832918136204,3
1,173,19220,,,,,,,"[25.99155032621993, 71.64087513223926, 19.64112424805717]",0.19558832918136204,3
1,174,19330,,,,,,,"[25.99155032621993, 71.64087513223926, 19.64112424805717]",0.19558832918136204,3
1,175,19440,,,,,,,"[25.99155032621993, 71.64087513223926, 19.64112424805717]",0.19558832918136204,3
1,176,19550,,,,,,,"[25.99155032621993, 71.64087513223926, 19.64112424805717]",0.19558832918136204,3
1,177,19660,,,,,,,"[25.99155032621993, 71.64087513223926, 19.64112424805717]",0.19558832918136204,3
1,178,19770,,,,,,,"[25.99155032621993, 71.64087513223926, 19.64112424805717]",0.19558832918136204,3
1,179,19880,,,,,,,"[25.99155032621993, 71.64087513223926, 19.64112424805717]",0.19558832918136204,3
1,180,19990,,,,,,,"[25.99155032621993, 71.64087513223926, 19.64112424805717]",0.19558832918136204,3
1,181,20100,,,,,,,"[25.99155032621993, 71.64087513223926, 19.64112424805717]",0.19558832918136204,3
1,182,20210,,,,,,,"[25.99155032621993, 71.64087513223926, 19.64112424805717]",0.19558832918136204,3
1,183,20320,,,,,,,"[25.99155032621993, 71.64087513223926, 19.64112424805717]",0.19558832918136204,3
1,184,20430,,,,,,,"[25.99155032621993, 71.64087513223926, 19.64112424805717]",0.19558832918136204,3
1,185,20540,,,,,,,"[25.99155032621993, 71.64087513223926, 19.64112424805717]",0.19558832918136204,3
1,186,20650,,,,,,,"[25.99155032621993, 71.64087513223926, 19.64112424805717]",0.19558832918136204,3
1,187,20760,,,,,,,"[25.99155032621993, 71.64087513223926, 19.64112424805717]",0.19558832918136204,3
1,188,20870,,,,,,,"[25.99155032621993, 71.64087513223926, 19.64112424805717]",0.19558832918136204,3
1,189,20980,,,,,,,"[25.99155032621993, 71.64087513223926, 19.64112424805717]",0.19558832918136204,3
1,190,21090,,,,,,,"[25.99155032621993, 71.64087513223926, 19.64112424805717]",0.19558832918136204,3
1,191,21200,,,,,,,"[25.99155032621993, 71.64087513223926, 19.64112424805717]",0.19558832918136204,3
1,192,21310,,,,,,,"[25.99155032621993, 71.64087513223926, 19.64112424805717]",0.19558832918136204,3
1,193,21420,,,,,,,"[25.99155032621993, 71.64087513223926, 19.64112424805717]",0.19558832918136204,3
1,194,21530,,,,,,,"[25.99155032621993, 71.64087513223926, 19.64112424805717]",0.19558832918136204,3
1,195,21640,,,,,,,"[25.99155032621993, 71.64087513223926, 19.64112424805717]",0.19558832918136204,3
1,196,21750,,,,,,,"[25.99155032621993, 71.64087513223926, 19.64112424805717]",0.19558832918136204,3
1,197,21860,,,,,,,"[25.99155032621993, 71.64087513223926, 19.64112424805717]",0.19558832918136204,3
1,198,21970,,,,,,,"[25.99155032621993, 71.64087513223926, 19.64112424805717]",0.19558832918136204,3
1,199,22080,,,,,,,"[25.99155032621993, 71.64087513223926, 19.64112424805717]",0.19558832918136204,3
1,200,22190,,,,,,,"[25.99155032621993, 71.64087513223926, 19.64112424805717]",0.19558832918136204,3
1,201,22300,,,,,,,"[25.99155032621993, 71.64087513223926, 19.64112424805717]",0.19558832918136204,3
1,202,22410,,,,,,,"[25.99155032621993, 71.64087513223926, 19.64112424805717]",0.19558832918136204,3
1,203,22520,,,,,,,"[25.99155032621993, 71.64087513223926, 19.64112424805717]",0.19558832918136204,3
1,204,22630,,,,,,,"[25.99155032621993, 71.64087513223926, 19.64112424805717]",0.19558832918136204,3
1,205,22740,,,,,,,"[25.99155032621993, 71.64087513223926, 19.64112424805717]",0.19558832918136204,3
1,206,22850,,,,,,,"[25.99155032621993, 71.64087513223926, 19.64112424805717]",0.19558832918136204,3
1,207,22960,,,,,,,"[25.99155032621993, 71.64087513223926, 19.64112424805717]",0.19558832918136204,3
1,208,23070,,,,,,,"[25.99155032621993, 71.64087513223926, 19.64112424805717]",0.19558832918136204,3
1,209,23180,,,,,,,"[25.99155032621993, 71.64087513223926, 19.64112424805717]",0.19558832918136204,3
1,210,23290,,,,,,,"[25.99155032621993, 71.64087513223926, 19.64112424805717]",0.19558832918136204,3
1,211,23400,,,,,,,"[25.99155032621993, 71.64087513223926, 19.64112424805717]",0.19558832918136204,3
1,212,23510,,,,,,,"[25.99155032621993, 71.64087513223926, 19.64112424805717]",0.19558832918136204,3
1,213,23620,,,,,,,"[25.99155032621993, 71.64087513223926, 19.64112424805717]",0.19558832918136204,3
1,214,23730,,,,,,,"[25.99155032621993, 71.64087513223926, 19.64112424805717]",0.19558832918136204,3
1,215,23840,,,,,,,"[25.99155032621993, 71.64087513223926, 19.64112424805717]",0.19558832918136204,3
1,216,23950,,,,,,,"[25.99155032621993, 71.64087513223926, 19.64112424805717]",0.19558832918136204,3
1,217,24060,,,,,,,"[25.99155032621993, 71.64087513223926, 19.64112424805717]",0.19558832918136204,3
1,218,24170,,,,,,,"[25.99155032621993, 71.64087513223926, 19.64112424805717]",0.19558832918136204,3
1,219,24280,,,,,,,"[25.99155032621993, 71.64087513223926, 19.64112424805717]",0.19558832918136204,3
1,220,24390,,,,,,,"[25.99155032621993, 71.64087513223926, 19.64112424805717]",0.19558832918136204,3
1,221,24500,,,,,,,"[25.99155032621993, 71.64087513223926, 19.64112424805717]",0.19558832918136204,3
1,222,24610,,,,,,,"[25.99155032621993, 71.64087513223926, 19.64112424805717]",0.19558832918136204,3
1,223,24720,,,,,,,"[25.99155032621993, 71.64087513223926, 19.64112424805717]",0.19558832918136204,3
1,224,24830,,,,,,,"[25.99155032621993, 71.64087513223926, 19.64112424805717]",0.19558832918136204,3
1,225,24940,,,,,,,"[25.99155032621993, 71.64087513223926, 19.64112424805717]",0.19558832918136204,3
1,226,25050,,,,,,,"[25.99155032621993, 71.64087513223926, 19.64112424805717]",0.19558832918136204,3
1,227,25160,,,,,,,"[25.99155032621993, 71.64087513223926, 19.64112424805717]",0.19558832918136204,3
1,228,25270,,,,,,,"[25.99155032621993, 71.64087513223926, 19.64112424805717]",0.19558832918136204,3
1,229,25380,,,,,,,"[25.99155032621993, 71.64087513223926, 19.64112424805717]",0.19558832918136204,3
1,230,25490,,,,,,,"[25.99155032621993, 71.64087513223926, 19.64112424805717]",0.19558832918136204,3
1,231,25600,,,,,,,"[25.99155032621993, 71.64087513223926, 19.64112424805717]",0.19558832918136204,3
1,232,25710,,,,,,,"[25.99155032621993, 71.64087513223926, 19.64112424805717]",0.19558832918136204,3
1,233,25820,,,,,,,"[25.99155032621993, 71.64087513223926, 19.64112424805717]",0.19558832918136204,3
1,234,25930,,,,,,,"[25.99155032621993, 71.64087513223926, 19.64112424805717]",0.19558832918136204,3
1,235,26040,,,,,,,"[25.99155032621993, 71.64087513223926, 19.64112424805717]",0.19558832918136204,3
1,236,26150,,,,,,,"[25.99155032621993, 71.64087513223926, 19.64112424805717]",0.19558832918136204,3
1,237,26260,,,,,,,"[25.99155032621993, 71.64087513223926, 19.64112424805717]",0.19558832918136204,3
1,238,26370,,,,,,,"[25.99155032621993, 71.64087513223926, 19.64112424805717]",0.19558832918136204,3
1,239,26480,,,,,,,"[25.99155032621993, 71.64087513223926, 19.64112424805717]",0.19558832918136204,3
1,240,26590,,,,,,,"[25.99155032621993, 71.64087513223926, 19.64112424805717]",0.19558832918136204,3
1,241,26700,,,,,,,"[25.99155032621993, 71.64087513223926, 19.64112424805717]",0.19558832918136204,3
1,242,26810,,,,,,,"[25.99155032621993, 71.64087513223926, 19.64112424805717]",0.19558832918136204,3
1,243,26920,,,,,,,"[25.99155032621993, 71.64087513223926, 19.64112424805717]",0.19558832918136204,3
1,244,27030,,,,,,,"[25.99155032621993, 71.64087513223926, 19.64112424805717]",0.19558832918136204,3
1,245,27140,,,,,,,"[25.99155032621993, 71.64087513223926, 19.64112424805717]",0.19558832918136204,3
1,246,27250,,,,,,,"[25.99155032621993, 71.64087513223926, 19.64112424805717]",0.19558832918136204,3
1,247,27360,,,,,,,"[25.99155032621993, 71.64087513223926, 19.64112424805717]",0.19558832918136204,3
1,248,27470,,,,,,,"[25.99155032621993, 71.64087513223926, 19.64112424805717]",0.19558832918136204,3
1,249,27580,,,,,,,"[25.99155032621993, 71.64087513223926, 19.64112424805717]",0.19558832918136204,3
1,250,27690,,,,,,,"[25.99155032621993, 71.64087513223926, 19.64112424805717]",0.19558832918136204,3
1,251,27800,,,,,,,"[25.99155032621993, 71.64087513223926, 19.64112424805717]",0.19558832918136204,3
1,252,27910,,,,,,,"[25.99155032621993, 71.64087513223926, 19.64112424805717]",0.19558832918136204,3
1,253,28020,,,,,,,"[25.99155032621993, 71.64087513223926, 19.64112424805717]",0.19558832918136204,3
1,254,28130,,,,,,,"[25.99155032621993, 71.64087513223926, 19.64112424805717]",0.19558832918136204,3
1,255,28240,,,,,,,"[25.99155032621993, 71.64087513223926, 19.64112424805717]",0.19558832918136204,3
1,256,28350,,,,,,,"[25.99155032621993, 71.64087513223926, 19.64112424805717]",0.19558832918136204,3
1,257,28460,,,,,,,"[25.99155032621993, 71.64087513223926, 19.64112424805717]",0.19558832918136204,3
1,258,28570,,,,,,,"[25.99155032621993, 71.64087513223926, 19.64112424805717]",0.19558832918136204,3
1,259,28680,,,,,,,"[25.99155032621993, 71.64087513223926, 19.64112424805717]",0.19558832918136204,3
1,260,28790,,,,,,,"[25.99155032621993, 71.64087513223926, 19.64112424805717]",0.19558832918136204,3
1,261,28900,,,,,,,"[25.99155032621993, 71.64087513223926, 19.64112424805717]",0.19558832918136204,3
1,262,29010,,,,,,,"[25.99155032621993, 71.64087513223926, 19.64112424805717]",0.19558832918136204,3
1,263,29120,,,,,,,"[25.99155032621993, 71.64087513223926, 19.64112424805717]",0.19558832918136204,3
1,264,29230,,,,,,,"[25.99155032621993, 71.64087513223926, 19.64112424805717]",0.19558832918136204,3
1,265,29340,,,,,,,"[25.99155032621993, 71.64087513223926, 19.64112424805717]",0.19558832918136204,3
1,266,29450,,,,,,,"[25.99155032621993, 71.64087513223926, 19.64112424805717]",0.19558832918136204,3
1,267,29560,,,,,,,"[25.99155032621993, 71.64087513223926, 19.64112424805717]",0.19558832918136204,3
1,268,29670,,,,,,,"[25.99155032621993, 71.64087513223926, 19.64112424805717]",0.19558832918136204,3
1,269,29780,,,,,,,"[25.99155032621993, 71.64087513223926, 19.64112424805717]",0.19558832918136204,3
1,270,29890,,,,,,,"[25.99155032621993, 71.64087513223926, 19.64112424805717]",0.19558832918136204,3
1,271,30000,,,,,,,"[25.99155032621993, 71.64087513223926, 19.64112424805717]",0.19558832918136204,3
1,272,30110,,,,,,,"[25.99155032621993, 71.64087513223926, 19.64112424805717]",0.19558832918136204,3
2,1,100,,,,,,,"[18.89899954837066, 18.995350331302422, 19.030661391940956]",65.50987691342695,1
2,2,210,,,,,,,"[18.89899954837066, 18.995350331302422, 19.030661391940956]",65.50987691342695,1
2,3,320,,,,,,,"[21.555787652525545, 23.427544501937977, 21.64821133466576]",65.46064864177956,1
2,4,430,,,,,,,"[21.827055210317, 28.560882360384458, 19.94677039780153]",65.38836811631329,1
2,5,540,,,,,,,"[26.827055210317, 33.560882360384454, 22.326343114614893]",65.28036627983683,1
2,6,650,,,,,,,"[31.827055210317, 38.560882360384454, 24.705915831428257]",65.14667303207334,1
2,7,760,,,,,,,"[28.107762786323782, 42.42592696535618, 14.854013068258022]",64.97954845761731,1
2,8,870,,,,,,,"[33.10776278632378, 47.42592696535618, 19.85401306825802]",64.64658680468531,1
2,9,980,,,,,,,"[28.91622305845276, 50.92379187398291, 19.59712888852677]",64.16155241686246,1
2,10,1090,,,,,,,"[33.63610471174658, 57.42592696535618, 24.032866593108373]",63.06224695397816,1
2,11,1200,,,,,,,"[28.636104711746583, 62.42592696535618, 23.17251011313587]",58.53360420723487,1
2,12,1310,,,,,,,"[26.55524966341296, 66.65646439771922, 17.750343884240742]",48.061098918021344,1
2,13,1420,,,,,,,"[25.681053437811947, 72.12100287369276, 19.02015026257068]",25.862646808449668,1
2,14,1530,,,,,,,"[25.681053437811947, 72.12100287369276, 19.02015026257068]",25.862646808449668,1
2,15,1640,,,,,,,"[28.78023564268449, 71.81096964301096, 21.51336538027448]",17.923132668965785,1
2,16,1750,,,,,,,"[26.322777262005964, 71.2146044458946, 20.837775072874066]",6.411182099948462,1
2,17,1860,,,,,,,"[26.322777262005964, 71.2146044458946, 20.837775072874066]",6.411182099948462,1
2,18,1970,,,,,,,"[26.322777262005964, 71.2146044458946, 20.837775072874066]",6.411182099948462,1
2,19,2080,,,,,,,"[26.322777262005964, 71.2146044458946, 20.837775072874066]",6.411182099948462,1
2,20,2190,,,,,,,"[27.22692106544398, 71.42611685067072, 20.15374076053949]",2.6932660313807375,1
2,21,2300,,,,,,,"[27.22692106544398, 71.42611685067072, 20.15374076053949]",2.6932660313807375,1
2,22,2410,,,,,,,"[27.22692106544398, 71.42611685067072, 20.15374076053949]",2.6932660313807375,1
2,23,2520,,,,,,,"[27.372300020787716, 70.99876198961196, 21.122899063496586]",1.780255935178232,1
2,24,2630,,,,,,,"[27.372300020787716, 70.99876198961196, 21.122899063496586]",1.780255935178232,1
2,25,2740,,,,,,,"[27.372300020787716, 70.99876198961196, 21.122899063496586]",1.780255935178232,1
2,26,2850,,,,,,,"[27.372300020787716, 70.99876198961196, 21.122899063496586]",1.780255935178232,1
2,27,2960,,,,,,,"[27.372300020787716, 70.99876198961196, 21.122899063496586]",1.780255935178232,1
2,28,3130,,,,,,,"[27.37758769495604, 73.29791092661999, 20.0976489302774]",19.672243703381334,1
2,29,3280,,,,,,,"[27.934244987417138, 69.81095910203739, 20.182627595335894]",12.526278222154886,2
2,30,3390,,,,,,,"[27.09645416492046, 70.70005706494372, 19.22271286792231]",2.215881549732714,2
2,31,3500,,,,,,,"[27.09645416492046, 70.70005706494372, 19.22271286792231]",2.215881549732714,2
2,32,3610,,,,,,,"[27.09645416492046, 70.70005706494372, 19.22271286792231]",2.215881549732714,2
2,33,3720,,,,,,,"[26.492175925248848, 71.13473083809701, 19.527343348679143]",0.9381988461302768,2
2,34,3830,,,,,,,"[26.492175925248848, 71.13473083809701, 19.527343348679143]",0.9381988461302768,2
2,35,3940,,,,,,,"[26.492175925248848, 71.13473083809701, 19.527343348679143]",0.9381988461302768,2
2,36,4050,,,,,,,"[26.492175925248848, 71.13473083809701, 19.527343348679143]",0.9381988461302768,2
2,37,4160,,,,,,,"[26.492175925248848, 71.13473083809701, 19.527343348679143]",0.9381988461302768,2
2,38,4270,,,,,,,"[26.492175925248848, 71.13473083809701, 19.527343348679143]",0.9381988461302768,2
2,39,4380,,,,,,,"[26.492175925248848, 71.13473083809701, 19.527343348679143]",0.9381988461302768,2
2,40,4490,,,,,,,"[26.492175925248848, 71.13473083809701, 19.527343348679143]",0.9381988461302768,2
2,41,4600,,,,,,,"[26.492175925248848, 71.13473083809701, 19.527343348679143]",0.9381988461302768,2
2,42,4710,,,,,,,"[26.492175925248848, 71.13473083809701, 19.527343348679143]",0.9381988461302768,2
2,43,4820,,,,,,,"[26.492175925248848, 71.13473083809701, 19.527343348679143]",0.9381988461302768,2
2,44,4930,,,,,,,"[26.492175925248848, 71.13473083809701, 19.527343348679143]",0.9381988461302768,2
2,45,5040,,,,,,,"[26.492175925248848, 71.13473083809701, 19.527343348679143]",0.9381988461302768,2
2,46,5150,,,,,,,"[26.492175925248848, 71.13473083809701, 19.527343348679143]",0.9381988461302768,2
2,47,5260,,,,,,,"[26.492175925248848, 71.13473083809701, 19.527343348679143]",0.9381988461302768,2
2,48,5370,,,,,,,"[26.492175925248848, 71.13473083809701, 19.527343348679143]",0.9381988461302768,2
2,49,5480,,,,,,,"[26.492175925248848, 71.13473083809701, 19.527343348679143]",0.9381988461302768,2
2,50,5590,,,,,,,"[26.492175925248848, 71.13473083809701, 19.527343348679143]",0.9381988461302768,2
2,51,5700,,,,,,,"[26.492175925248848, 71.13473083809701, 19.527343348679143]",0.9381988461302768,2
2,52,5810,,,,,,,"[26.492175925248848, 71.13473083809701, 19.527343348679143]",0.9381988461302768,2
2,53,5920,,,,,,,"[26.492175925248848, 71.13473083809701, 19.527343348679143]",0.9381988461302768,2
2,54,6050,,,,,,,"[25.802533071202493, 70.57614073225157, 20.974515161623742]",17.239048684721034,2
2,55,6240,,,,,,,"[25.518441858219674, 71.8104053467793, 18.25646094347205]",10.804809052641431,3
2,56,6350,,,,,,,"[26.284872531995063, 71.85615860335716, 19.55747929635244]",0.8361852540670327,3
2,57,6460,,,,,,,"[26.284872531995063, 71.85615860335716, 19.55747929635244]",0.8361852540670327,3
2,58,6570,,,,,,,"[25.900657416613424, 71.44278465339154, 19.6930016397844]",0.6257456719735188,3
2,59,6680,,,,,,,"[26.238021992509434, 71.42464945326643, 19.587865120261924]",0.5244649585202126,3
2,60,6790,,,,,,,"[26.238021992509434, 71.42464945326643, 19.587865120261924]",0.5244649585202126,3
2,61,6900,,,,,,,"[26.238021992509434, 71.42464945326643, 19.587865120261924]",0.5244649585202126,3
2,62,7010,,,,,,,"[26.238021992509434, 71.42464945326643, 19.587865120261924]",0.5244649585202126,3
2,63,7120,,,,,,,"[26.238021992509434, 71.42464945326643, 19.587865120261924]",0.5244649585202126,3
2,64,7230,,,,,,,"[26.238021992509434, 71.42464945326643, 19.587865120261924]",0.5244649585202126,3
2,65,7340,,,,,,,"[26.238021992509434, 71.42464945326643, 19.587865120261924]",0.5244649585202126,3
2,66,7450,,,,,,,"[26.238021992509434, 71.42464945326643, 19.587865120261924]",0.5244649585202126,3
2,67,7560,,,,,,,"[26.238021992509434, 71.42464945326643, 19.587865120261924]",0.5244649585202126,3
2,68,7670,,,,,,,"[26.238021992509434, 71.42464945326643, 19.587865120261924]",0.5244649585202126,3
2,69,7780,,,,,,,"[26.238021992509434, 71.42464945326643, 19.587865120261924]",0.5244649585202126,3
2,70,7890,,,,,,,"[26.238021992509434, 71.42464945326643, 19.587865120261924]",0.5244649585202126,3
2,71,8000,,,,,,,"[26.238021992509434, 71.42464945326643, 19.587865120261924]",0.5244649585202126,3
2,72,8110,,,,,,,"[26.238021992509434, 71.42464945326643, 19.587865120261924]",0.5244649585202126,3
2,73,8220,,,,,,,"[26.238021992509434, 71.42464945326643, 19.587865120261924]",0.5244649585202126,3
2,74,8330,,,,,,,"[26.238021992509434, 71.42464945326643, 19.587865120261924]",0.5244649585202126,3
2,75,8440,,,,,,,"[26.238021992509434, 71.42464945326643, 19.587865120261924]",0.5244649585202126,3
2,76,8550,,,,,,,"[25.837217731399363, 71.62808477946335, 19.479917720476756]",0.3279094062177279,3
2,77,8660,,,,,,,"[25.837217731399363, 71.62808477946335, 19.479917720476756]",0.3279094062177279,3
2,78,8770,,,,,,,"[25.837217731399363, 71.62808477946335, 19.479917720476756]",0.3279094062177279,3
2,79,8880,,,,,,,"[25.837217731399363, 71.62808477946335, 19.479917720476756]",0.3279094062177279,3
2,80,8990,,,,,,,"[25.837217731399363, 71.62808477946335, 19.479917720476756]",0.3279094062177279,3
2,81,9100,,,,,,,"[26.039673001143445, 71.5496149658971, 19.401331570413987]",0.07574829418726381,3
2,82,9210,,,,,,,"[26.039673001143445, 71.5496149658971, 19.401331570413987]",0.07574829418726381,3
2,83,9320,,,,,,,"[26.039673001143445, 71.5496149658971, 19.401331570413987]",0.07574829418726381,3
2,84,9430,,,,,,,"[26.039673001143445, 71.5496149658971, 19.401331570413987]",0.07574829418726381,3
2,85,9540,,,,,,,"[26.039673001143445, 71.5496149658971, 19.401331570413987]",0.07574829418726381,3
2,86,9650,,,,,,,"[26.039673001143445, 71.5496149658971, 19.401331570413987]",0.07574829418726381,3
2,87,9760,,,,,,,"[26.039673001143445, 71.5496149658971, 19.401331570413987]",0.07574829418726381,3
2,88,9870,,,,,,,"[26.039673001143445, 71.5496149658971, 19.401331570413987]",0.07574829418726381,3
2,89,9980,,,,,,,"[26.039673001143445, 71.5496149658971, 19.401331570413987]",0.07574829418726381,3
2,90,10090,,,,,,,"[26.039673001143445, 71.5496149658971, 19.401331570413987]",0.07574829418726381,3
2,91,10200,,,,,,,"[26.039673001143445, 71.5496149658971, 19.401331570413987]",0.07574829418726381,3
2,92,10310,,,,,,,"[26.039673001143445, 71.5496149658971, 19.401331570413987]",0.07574829418726381,3
2,93,10420,,,,,,,"[26.039673001143445, 71.5496149658971, 19.401331570413987]",0.07574829418726381,3
2,94,10530,,,,,,,"[26.039673001143445, 71.5496149658971, 19.401331570413987]",0.07574829418726381,3
2,95,10640,,,,,,,"[26.039673001143445, 71.5496149658971, 19.401331570413987]",0.07574829418726381,3
2,96,10750,,,,,,,"[26.039673001143445, 71.5496149658971, 19.401331570413987]",0.07574829418726381,3
2,97,10860,,,,,,,"[26.039673001143445, 71.5496149658971, 19.401331570413987]",0.07574829418726381,3
2,98,10970,,,,,,,"[26.039673001143445, 71.5496149658971, 19.401331570413987]",0.07574829418726381,3
2,99,11080,,,,,,,"[26.039673001143445, 71.5496149658971, 19.401331570413987]",0.07574829418726381,3
2,100,11190,,,,,,,"[26.039673001143445, 71.5496149658971, 19.401331570413987]",0.07574829418726381,3
2,101,11300,,,,,,,"[26.039673001143445, 71.5496149658971, 19.401331570413987]",0.07574829418726381,3
2,102,11410,,,,,,,"[26.039673001143445, 71.5496149658971, 19.401331570413987]",0.07574829418726381,3
2,103,11520,,,,,,,"[26.039673001143445, 71.5496149658971, 19.401331570413987]",0.07574829418726381,3
2,104,11630,,,,,,,"[26.039673001143445, 71.5496149658971, 19.401331570413987]",0.07574829418726381,3
2,105,11740,,,,,,,"[26.039673001143445, 71.5496149658971, 19.401331570413987]",0.07574829418726381,3
2,106,11850,,,,,,,"[26.039673001143445, 71.5496149658971, 19.401331570413987]",0.07574829418726381,3
2,107,11960,,,,,,,"[26.039673001143445, 71.5496149658971, 19.401331570413987]",0.07574829418726381,3
2,108,12070,,,,,,,"[26.039673001143445, 71.5496149658971, 19.401331570413987]",0.07574829418726381,3
2,109,12180,,,,,,,"[26.039673001143445, 71.5496149658971, 19.401331570413987]",0.07574829418726381,3
2,110,12290,,,,,,,"[26.039673001143445, 71.5496149658971, 19.401331570413987]",0.07574829418726381,3
2,111,12400,,,,,,,"[26.039673001143445, 71.5496149658971, 19.401331570413987]",0.07574829418726381,3
2,112,12510,,,,,,,"[26.039673001143445, 71.5496149658971, 19.401331570413987]",0.07574829418726381,3
2,113,12620,,,,,,,"[26.039673001143445, 71.5496149658971, 19.401331570413987]",0.07574829418726381,3
2,114,12730,,,,,,,"[26.039673001143445, 71.5496149658971, 19.401331570413987]",0.07574829418726381,3
2,115,12840,,,,,,,"[26.039673001143445, 71.5496149658971, 19.401331570413987]",0.07574829418726381,3
2,116,12950,,,,,,,"[26.039673001143445, 71.5496149658971, 19.401331570413987]",0.07574829418726381,3
2,117,13060,,,,,,,"[26.039673001143445, 71.5496149658971, 19.401331570413987]",0.07574829418726381,3
2,118,13170,,,,,,,"[26.039673001143445, 71.5496149658971, 19.401331570413987]",0.07574829418726381,3
2,119,13280,,,,,,,"[26.039673001143445, 71.5496149658971, 19.401331570413987]",0.07574829418726381,3
2,120,13390,,,,,,,"[26.039673001143445, 71.5496149658971, 19.401331570413987]",0.07574829418726381,3
2,121,13500,,,,,,,"[26.039673001143445, 71.5496149658971, 19.401331570413987]",0.07574829418726381,3
2,122,13610,,,,,,,"[26.039673001143445, 71.5496149658971, 19.401331570413987]",0.07574829418726381,3
2,123,13720,,,,,,,"[26.039673001143445, 71.5496149658971, 19.401331570413987]",0.07574829418726381,3
2,124,13830,,,,,,,"[26.039673001143445, 71.5496149658971, 19.401331570413987]",0.07574829418726381,3
2,125,13940,,,,,,,"[26.039673001143445, 71.5496149658971, 19.401331570413987]",0.07574829418726381,3
2,126,14050,,,,,,,"[26.039673001143445, 71.5496149658971, 19.401331570413987]",0.07574829418726381,3
2,127,14160,,,,,,,"[26.039673001143445, 71.5496149658971, 19.401331570413987]",0.07574829418726381,3
2,128,14270,,,,,,,"[26.039673001143445, 71.5496149658971, 19.401331570413987]",0.07574829418726381,3
2,129,14380,,,,,,,"[26.039673001143445, 71.5496149658971, 19.401331570413987]",0.07574829418726381,3
2,130,14490,,,,,,,"[26.039673001143445, 71.5496149658971, 19.401331570413987]",0.07574829418726381,3
2,131,14600,,,,,,,"[26.039673001143445, 71.5496149658971, 19.401331570413987]",0.07574829418726381,3
2,132,14710,,,,,,,"[26.039673001143445, 71.5496149658971, 19.401331570413987]",0.07574829418726381,3
2,133,14820,,,,,,,"[26.039673001143445, 71.5496149658971, 19.401331570413987]",0.07574829418726381,3
2,134,14930,,,,,,,"[26.039673001143445, 71.5496149658971, 19.401331570413987]",0.07574829418726381,3
2,135,15040,,,,,,,"[26.039673001143445, 71.5496149658971, 19.401331570413987]",0.07574829418726381,3
2,136,15150,,,,,,,"[26.039673001143445, 71.5496149658971, 19.401331570413987]",0.07574829418726381,3
2,137,15260,,,,,,,"[26.039673001143445, 71.5496149658971, 19.401331570413987]",0.07574829418726381,3
2,138,15370,,,,,,,"[26.039673001143445, 71.5496149658971, 19.401331570413987]",0.07574829418726381,3
2,139,15480,,,,,,,"[26.039673001143445, 71.5496149658971, 19.401331570413987]",0.07574829418726381,3
2,140,15590,,,,,,,"[26.039673001143445, 71.5496149658971, 19.401331570413987]",0.07574829418726381,3
2,141,15700,,,,,,,"[26.039673001143445, 71.5496149658971, 19.401331570413987]",0.07574829418726381,3
2,142,15810,,,,,,,"[26.039673001143445, 71.5496149658971, 19.401331570413987]",0.07574829418726381,3
2,143,15920,,,,,,,"[26.039673001143445, 71.5496149658971, 19.401331570413987]",0.07574829418726381,3
2,144,16030,,,,,,,"[26.039673001143445, 71.5496149658971, 19.401331570413987]",0.07574829418726381,3
2,145,16140,,,,,,,"[26.039673001143445, 71.5496149658971, 19.401331570413987]",0.07574829418726381,3
2,146,16250,,,,,,,"[26.039673001143445, 71.5496149658971, 19.401331570413987]",0.07574829418726381,3
2,147,16360,,,,,,,"[26.039673001143445, 71.5496149658971, 19.401331570413987]",0.07574829418726381,3
2,148,16470,,,,,,,"[26.039673001143445, 71.5496149658971, 19.401331570413987]",0.07574829418726381,3
2,149,16580,,,,,,,"[26.039673001143445, 71.5496149658971, 19.401331570413987]",0.07574829418726381,3
2,150,16690,,,,,,,"[26.039673001143445, 71.5496149658971, 19.401331570413987]",0.07574829418726381,3
2,151,16800,,,,,,,"[26.039673001143445, 71.5496149658971, 19.401331570413987]",0.07574829418726381,3
2,152,16910,,,,,,,"[26.039673001143445, 71.5496149658971, 19.401331570413987]",0.07574829418726381,3
2,153,17020,,,,,,,"[26.039673001143445, 71.5496149658971, 19.401331570413987]",0.07574829418726381,3
2,154,17130,,,,,,,"[26.039673001143445, 71.5496149658971, 19.401331570413987]",0.07574829418726381,3
2,155,17240,,,,,,,"[26.039673001143445, 71.5496149658971, 19.401331570413987]",0.07574829418726381,3
2,156,17350,,,,,,,"[26.039673001143445, 71.5496149658971, 19.401331570413987]",0.07574829418726381,3
2,157,17460,,,,,,,"[26.039673001143445, 71.5496149658971, 19.401331570413987]",0.07574829418726381,3
2,158,17570,,,,,,,"[26.039673001143445, 71.5496149658971, 19.401331570413987]",0.07574829418726381,3
2,159,17680,,,,,,,"[26.039673001143445, 71.5496149658971, 19.401331570413987]",0.07574829418726381,3
2,160,17790,,,,,,,"[26.039673001143445, 71.5496149658971, 19.401331570413987]",0.07574829418726381,3
2,161,17900,,,,,,,"[26.039673001143445, 71.5496149658971, 19.401331570413987]",0.07574829418726381,3
2,162,18010,,,,,,,"[26.039673001143445, 71.5496149658971, 19.401331570413987]",0.07574829418726381,3
2,163,18120,,,,,,,"[26.039673001143445, 71.5496149658971, 19.401331570413987]",0.07574829418726381,3
2,164,18230,,,,,,,"[26.039673001143445, 71.5496149658971, 19.401331570413987]",0.07574829418726381,3
2,165,18340,,,,,,,"[26.039673001143445, 71.5496149658971, 19.401331570413987]",0.07574829418726381,3
2,166,18450,,,,,,,"[26.039673001143445, 71.5496149658971, 19.401331570413987]",0.07574829418726381,3
2,167,18560,,,,,,,"[26.039673001143445, 71.5496149658971, 19.401331570413987]",0.07574829418726381,3
2,168,18670,,,,,,,"[26.039673001143445, 71.5496149658971, 19.401331570413987]",0.07574829418726381,3
2,169,18780,,,,,,,"[26.039673001143445, 71.5496149658971, 19.401331570413987]",0.07574829418726381,3
2,170,18890,,,,,,,"[26.039673001143445, 71.5496149658971, 19.401331570413987]",0.07574829418726381,3
2,171,19000,,,,,,,"[26.039673001143445, 71.5496149658971, 19.401331570413987]",0.07574829418726381,3
2,172,19110,,,,,,,"[26.039673001143445, 71.5496149658971, 19.401331570413987]",0.07574829418726381,3
2,173,19220,,,,,,,"[26.039673001143445, 71.5496149658971, 19.401331570413987]",0.07574829418726381,3
2,174,19330,,,,,,,"[26.039673001143445, 71.5496149658971, 19.401331570413987]",0.07574829418726381,3
2,175,19440,,,,,,,"[26.039673001143445, 71.5496149658971, 19.401331570413987]",0.07574829418726381,3
2,176,19550,,,,,,,"[26.039673001143445, 71.5496149658971, 19.401331570413987]",0.07574829418726381,3
2,177,19660,,,,,,,"[26.039673001143445, 71.5496149658971, 19.401331570413987]",0.07574829418726381,3
2,178,19770,,,,,,,"[26.039673001143445, 71.5496149658971, 19.401331570413987]",0.07574829418726381,3
2,179,19880,,,,,,,"[26.039673001143445, 71.5496149658971, 19.401331570413987]",0.07574829418726381,3
2,180,19990,,,,,,,"[26.039673001143445, 71.5496149658971, 19.401331570413987]",0.07574829418726381,3
2,181,20100,,,,,,,"[26.039673001143445, 71.5496149658971, 19.401331570413987]",0.07574829418726381,3
2,182,20210,,,,,,,"[26.039673001143445, 71.5496149658971, 19.401331570413987]",0.07574829418726381,3
2,183,20320,,,,,,,"[26.039673001143445, 71.5496149658971, 19.401331570413987]",0.07574829418726381,3
2,184,20430,,,,,,,"[26.039673001143445, 71.5496149658971, 19.401331570413987]",0.07574829418726381,3
2,185,20540,,,,,,,"[26.039673001143445, 71.5496149658971, 19.401331570413987]",0.07574829418726381,3
2,186,20650,,,,,,,"[26.039673001143445, 71.5496149658971, 19.401331570413987]",0.07574829418726381,3
2,187,20760,,,,,,,"[26.039673001143445, 71.5496149658971, 19.401331570413987]",0.07574829418726381,3
2,188,20870,,,,,,,"[26.039673001143445, 71.5496149658971, 19.401331570413987]",0.07574829418726381,3
2,189,20980,,,,,,,"[26.039673001143445, 71.5496149658971, 19.401331570413987]",0.07574829418726381,3
2,190,21090,,,,,,,"[26.039673001143445, 71.5496149658971, 19.401331570413987]",0.07574829418726381,3
2,191,21200,,,,,,,"[26.039673001143445, 71.5496149658971, 19.401331570413987]",0.07574829418726381,3
2,192,21310,,,,,,,"[26.039673001143445, 71.5496149658971, 19.401331570413987]",0.07574829418726381,3
2,193,21420,,,,,,,"[26.039673001143445, 71.5496149658971, 19.401331570413987]",0.07574829418726381,3
2,194,21530,,,,,,,"[26.039673001143445, 71.5496149658971, 19.401331570413987]",0.07574829418726381,3
2,195,21640,,,,,,,"[26.039673001143445, 71.5496149658971, 19.401331570413987]",0.07574829418726381,3
2,196,21750,,,,,,,"[26.039673001143445, 71.5496149658971, 19.401331570413987]",0.07574829418726381,3
2,197,21860,,,,,,,"[26.039673001143445, 71.5496149658971, 19.401331570413987]",0.07574829418726381,3
2,198,21970,,,,,,,"[26.039673001143445, 71.5496149658971, 19.401331570413987]",0.07574829418726381,3
2,199,22080,,,,,,,"[26.039673001143445, 71.5496149658971, 19.401331570413987]",0.07574829418726381,3
2,200,22190,,,,,,,"[26.039673001143445, 71.5496149658971, 19.401331570413987]",0.07574829418726381,3
2,201,22300,,,,,,,"[26.039673001143445, 71.5496149658971, 19.401331570413987]",0.07574829418726381,3
2,202,22410,,,,,,,"[26.039673001143445, 71.5496149658971, 19.401331570413987]",0.07574829418726381,3
2,203,22520,,,,,,,"[26.039673001143445, 71.5496149658971, 19.401331570413987]",0.07574829418726381,3
2,204,22630,,,,,,,"[26.039673001143445, 71.5496149658971, 19.401331570413987]",0.07574829418726381,3
2,205,22740,,,,,,,"[26.039673001143445, 71.5496149658971, 19.401331570413987]",0.07574829418726381,3
2,206,22850,,,,,,,"[26.039673001143445, 71.5496149658971, 19.401331570413987]",0.07574829418726381,3
2,207,22960,,,,,,,"[26.039673001143445, 71.5496149658971, 19.401331570413987]",0.07574829418726381,3
2,208,23070,,,,,,,"[26.039673001143445, 71.5496149658971, 19.401331570413987]",0.07574829418726381,3
2,209,23180,,,,,,,"[26.039673001143445, 71.5496149658971, 19.401331570413987]",0.07574829418726381,3
2,210,23290,,,,,,,"[26.039673001143445, 71.5496149658971, 19.401331570413987]",0.07574829418726381,3
2,211,23400,,,,,,,"[26.039673001143445, 71.5496149658971, 19.401331570413987]",0.07574829418726381,3
2,212,23510,,,,,,,"[26.039673001143445, 71.5496149658971, 19.401331570413987]",0.07574829418726381,3
2,213,23620,,,,,,,"[26.039673001143445, 71.5496149658971, 19.401331570413987]",0.07574829418726381,3
2,214,23730,,,,,,,"[26.039673001143445, 71.5496149658971, 19.401331570413987]",0.07574829418726381,3
2,215,23840,,,,,,,"[26.039673001143445, 71.5496149658971, 19.401331570413987]",0.07574829418726381,3
2,216,23950,,,,,,,"[26.039673001143445, 71.5496149658971, 19.401331570413987]",0.07574829418726381,3
2,217,24060,,,,,,,"[26.039673001143445, 71.5496149658971, 19.401331570413987]",0.07574829418726381,3
2,218,24170,,,,,,,"[26.039673001143445, 71.5496149658971, 19.401331570413987]",0.07574829418726381,3
2,219,24280,,,,,,,"[26.039673001143445, 71.5496149658971, 19.401331570413987]",0.07574829418726381,3
2,220,24390,,,,,,,"[26.039673001143445, 71.5496149658971, 19.401331570413987]",0.07574829418726381,3
2,221,24500,,,,,,,"[26.039673001143445, 71.5496149658971, 19.401331570413987]",0.07574829418726381,3
2,222,24610,,,,,,,"[26.039673001143445, 71.5496149658971, 19.401331570413987]",0.07574829418726381,3
2,223,24720,,,,,,,"[26.039673001143445, 71.5496149658971, 19.401331570413987]",0.07574829418726381,3
2,224,24830,,,,,,,"[26.039673001143445, 71.5496149658971, 19.401331570413987]",0.07574829418726381,3
2,225,24940,,,,,,,"[26.039673001143445, 71.5496149658971, 19.401331570413987]",0.07574829418726381,3
2,226,25050,,,,,,,"[26.039673001143445, 71.5496149658971, 19.401331570413987]",0.07574829418726381,3
2,227,25160,,,,,,,"[26.039673001143445, 71.5496149658971, 19.401331570413987]",0.07574829418726381,3
2,228,25270,,,,,,,"[26.039673001143445, 71.5496149658971, 19.401331570413987]",0.07574829418726381,3
2,229,25380,,,,,,,"[26.039673001143445, 71.5496149658971, 19.401331570413987]",0.07574829418726381,3
2,230,25490,,,,,,,"[26.039673001143445, 71.5496149658971, 19.401331570413987]",0.07574829418726381,3
2,231,25600,,,,,,,"[26.039673001143445, 71.5496149658971, 19.401331570413987]",0.07574829418726381,3
2,232,25710,,,,,,,"[26.039673001143445, 71.5496149658971, 19.401331570413987]",0.07574829418726381,3
2,233,25820,,,,,,,"[26.039673001143445, 71.5496149658971, 19.401331570413987]",0.07574829418726381,3
2,234,25930,,,,,,,"[26.039673001143445, 71.5496149658971, 19.401331570413987]",0.07574829418726381,3
2,235,26040,,,,,,,"[26.039673001143445, 71.5496149658971, 19.401331570413987]",0.07574829418726381,3
2,236,26150,,,,,,,"[26.039673001143445, 71.5496149658971, 19.401331570413987]",0.07574829418726381,3
2,237,26260,,,,,,,"[26.039673001143445, 71.5496149658971, 19.401331570413987]",0.07574829418726381,3
2,238,26370,,,,,,,"[26.039673001143445, 71.5496149658971, 19.401331570413987]",0.07574829418726381,3
2,239,26480,,,,,,,"[26.039673001143445, 71.5496149658971, 19.401331570413987]",0.07574829418726381,3
2,240,26590,,,,,,,"[26.039673001143445, 71.5496149658971, 19.401331570413987]",0.07574829418726381,3
2,241,26700,,,,,,,"[26.039673001143445, 71.5496149658971, 19.401331570413987]",0.07574829418726381,3
2,242,26810,,,,,,,"[26.039673001143445, 71.5496149658971, 19.401331570413987]",0.07574829418726381,3
2,243,26920,,,,,,,"[26.039673001143445, 71.5496149658971, 19.401331570413987]",0.07574829418726381,3
2,244,27030,,,,,,,"[26.039673001143445, 71.5496149658971, 19.401331570413987]",0.07574829418726381,3
2,245,27140,,,,,,,"[26.039673001143445, 71.5496149658971, 19.401331570413987]",0.07574829418726381,3
2,246,27250,,,,,,,"[26.039673001143445, 71.5496149658971, 19.401331570413987]",0.07574829418726381,3
2,247,27360,,,,,,,"[26.039673001143445, 71.5496149658971, 19.401331570413987]",0.07574829418726381,3
2,248,27470,,,,,,,"[26.039673001143445, 71.5496149658971, 19.401331570413987]",0.07574829418726381,3
2,249,27580,,,,,,,"[26.039673001143445, 71.5496149658971, 19.401331570413987]",0.07574829418726381,3
2,250,27690,,,,,,,"[26.039673001143445, 71.5496149658971, 19.401331570413987]",0.07574829418726381,3
2,251,27800,,,,,,,"[26.039673001143445, 71.5496149658971, 19.401331570413987]",0.07574829418726381,3
2,252,27910,,,,,,,"[26.039673001143445, 71.5496149658971, 19.401331570413987]",0.07574829418726381,3
2,253,28020,,,,,,,"[26.039673001143445, 71.5496149658971, 19.401331570413987]",0.07574829418726381,3
2,254,28130,,,,,,,"[26.039673001143445, 71.5496149658971, 19.401331570413987]",0.07574829418726381,3
2,255,28240,,,,,,,"[26.039673001143445, 71.5496149658971, 19.401331570413987]",0.07574829418726381,3
2,256,28350,,,,,,,"[26.039673001143445, 71.5496149658971, 19.401331570413987]",0.07574829418726381,3
2,257,28460,,,,,,,"[26.039673001143445, 71.5496149658971, 19.401331570413987]",0.07574829418726381,3
2,258,28570,,,,,,,"[26.039673001143445, 71.5496149658971, 19.401331570413987]",0.07574829418726381,3
2,259,28680,,,,,,,"[26.039673001143445, 71.5496149658971, 19.401331570413987]",0.07574829418726381,3
2,260,28790,,,,,,,"[26.039673001143445, 71.5496149658971, 19.401331570413987]",0.07574829418726381,3
2,261,28900,,,,,,,"[26.039673001143445, 71.5496149658971, 19.401331570413987]",0.07574829418726381,3
2,262,29010,,,,,,,"[26.039673001143445, 71.5496149658971, 19.401331570413987]",0.07574829418726381,3
2,263,29120,,,,,,,"[26.039673001143445, 71.5496149658971, 19.401331570413987]",0.07574829418726381,3
2,264,29230,,,,,,,"[26.039673001143445, 71.5496149658971, 19.401331570413987]",0.07574829418726381,3
2,265,29340,,,,,,,"[26.039673001143445, 71.5496149658971, 19.401331570413987]",0.07574829418726381,3
2,266,29450,,,,,,,"[26.039673001143445, 71.5496149658971, 19.401331570413987]",0.07574829418726381,3
2,267,29560,,,,,,,"[26.039673001143445, 71.5496149658971, 19.401331570413987]",0.07574829418726381,3
2,268,29670,,,,,,,"[26.039673001143445, 71.5496149658971, 19.401331570413987]",0.07574829418726381,3
2,269,29780,,,,,,,"[26.039673001143445, 71.5496149658971, 19.401331570413987]",0.07574829418726381,3
2,270,29890,,,,,,,"[26.039673001143445, 71.5496149658971, 19.401331570413987]",0.07574829418726381,3
2,271,30000,,,,,,,"[26.039673001143445, 71.5496149658971, 19.401331570413987]",0.07574829418726381,3
2,272,30110,,,,,,,"[26.039673001143445, 71.5496149658971, 19.401331570413987]",0.07574829418726381,3
